document,driver_id,vehicle_id,policy_id,underwriting_decision,risk_class,reason_for_decline,content
motor_insurance_hk_data_non_pii_114423oct2024.csv,81043220,44470499,7295152581,Pending,High Risk,,"Driver ID: 81043220, Age: 20, Gender: Male, Driving Experience: 4 years, Occupation: Professional, Vehicle: McLaren X5, Year: 2015, Value: 966158.36 HKD, Engine Size: 1500cc, Registration City: Kowloon, Policy ID: 7295152581, Coverage: Third Party, Premium: 13250.37 HKD, Policy Term: 1 year(s), Excess: 3552.41 HKD, Effective Date: 2024-03-03, Expiry Date: 2025-04-10, Renewal Status: Non-renewal, Driving Record: Clean, Claims History: 1, Traffic Violations: 1, Vehicle Usage: Private, Credit Score: 628, Underwriting Decision: Pending, Risk Class: High Risk, Reason for Decline: None"
motor_insurance_hk_data_non_pii_114423oct2024.csv,38430726,85347174,7495839552,Approved,Low Risk,,"Driver ID: 38430726, Age: 20, Gender: Male, Driving Experience: 16 years, Occupation: Teacher, Vehicle: Bentley Daytona SP3, Year: 2015, Value: 905271.13 HKD, Engine Size: 1000cc, Registration City: Kowloon, Policy ID: 7495839552, Coverage: Comprehensive, Premium: 8896.11 HKD, Policy Term: 1 year(s), Excess: 2056.67 HKD, Effective Date: 2024-08-31, Expiry Date: 2025-03-20, Renewal Status: Auto-renew, Driving Record: Multiple Accidents, Claims History: 3, Traffic Violations: 1, Vehicle Usage: Commercial, Credit Score: 722, Underwriting Decision: Approved, Risk Class: Low Risk, Reason for Decline: None"
motor_insurance_hk_data_non_pii_114423oct2024.csv,95941257,94078724,1125745011,Declined,High Risk,High vehicle value,"Driver ID: 95941257, Age: 59, Gender: Female, Driving Experience: 24 years, Occupation: Driver, Vehicle: Audi Speedtail, Year: 2017, Value: 215947.04 HKD, Engine Size: 1500cc, Registration City: New Territories, Policy ID: 1125745011, Coverage: Comprehensive, Premium: 5615.56 HKD, Policy Term: 1 year(s), Excess: 2858.54 HKD, Effective Date: 2024-06-16, Expiry Date: 2024-08-25, Renewal Status: Auto-renew, Driving Record: Multiple Accidents, Claims History: 2, Traffic Violations: 0, Vehicle Usage: Private, Credit Score: 330, Underwriting Decision: Declined, Risk Class: High Risk, Reason for Decline: High vehicle value"
motor_insurance_hk_data_non_pii_114423oct2024.csv,37982188,16933533,9377901969,Declined,Low Risk,Poor driving record,"Driver ID: 37982188, Age: 59, Gender: Female, Driving Experience: 14 years, Occupation: Teacher, Vehicle: Honda Civic, Year: 2007, Value: 679515.23 HKD, Engine Size: 1500cc, Registration City: Hong Kong, Policy ID: 9377901969, Coverage: Third Party, Premium: 10378.37 HKD, Policy Term: 1 year(s), Excess: 1711.89 HKD, Effective Date: 2024-09-15, Expiry Date: 2025-02-27, Renewal Status: Non-renewal, Driving Record: 1 Accident, Claims History: 1, Traffic Violations: 3, Vehicle Usage: Commercial, Credit Score: 798, Underwriting Decision: Declined, Risk Class: Low Risk, Reason for Decline: Poor driving record"
motor_insurance_hk_data_non_pii_114423oct2024.csv,59103327,10383184,2395931819,Pending,Low Risk,,"Driver ID: 59103327, Age: 42, Gender: Female, Driving Experience: 29 years, Occupation: Clerical, Vehicle: Ferrari Mulliner Batur, Year: 2009, Value: 929325.66 HKD, Engine Size: 3000cc, Registration City: Kowloon, Policy ID: 2395931819, Coverage: Comprehensive, Premium: 9825.12 HKD, Policy Term: 1 year(s), Excess: 2707.0 HKD, Effective Date: 2024-07-18, Expiry Date: 2025-07-23, Renewal Status: Non-renewal, Driving Record: Clean, Claims History: 0, Traffic Violations: 0, Vehicle Usage: Private, Credit Score: 335, Underwriting Decision: Pending, Risk Class: Low Risk, Reason for Decline: None"
motor_insurance_hk_data_non_pii_114423oct2024.csv,85336242,27379730,2314880416,Declined,Low Risk,Poor driving record,"Driver ID: 85336242, Age: 42, Gender: Other, Driving Experience: 3 years, Occupation: Teacher, Vehicle: Honda Daytona SP3, Year: 2023, Value: 382328.12 HKD, Engine Size: 2000cc, Registration City: New Territories, Policy ID: 2314880416, Coverage: Third Party, Premium: 12963.12 HKD, Policy Term: 1 year(s), Excess: 1210.38 HKD, Effective Date: 2024-06-06, Expiry Date: 2025-10-12, Renewal Status: Non-renewal, Driving Record: 1 Accident, Claims History: 5, Traffic Violations: 0, Vehicle Usage: Commercial, Credit Score: 405, Underwriting Decision: Declined, Risk Class: Low Risk, Reason for Decline: Poor driving record"
motor_insurance_hk_data_non_pii_114423oct2024.csv,36949698,60233523,1722557239,Declined,Low Risk,High vehicle value,"Driver ID: 36949698, Age: 41, Gender: Male, Driving Experience: 10 years, Occupation: Driver, Vehicle: Toyota Mulliner Batur, Year: 2015, Value: 762382.98 HKD, Engine Size: 1500cc, Registration City: Hong Kong, Policy ID: 1722557239, Coverage: Third Party, Premium: 7130.68 HKD, Policy Term: 1 year(s), Excess: 4314.97 HKD, Effective Date: 2024-10-02, Expiry Date: 2025-05-25, Renewal Status: Auto-renew, Driving Record: 1 Accident, Claims History: 0, Traffic Violations: 3, Vehicle Usage: Commercial, Credit Score: 750, Underwriting Decision: Declined, Risk Class: Low Risk, Reason for Decline: High vehicle value"
motor_insurance_hk_data_non_pii_114423oct2024.csv,62762913,59846998,3486816075,Pending,Low Risk,,"Driver ID: 62762913, Age: 22, Gender: Other, Driving Experience: 26 years, Occupation: Clerical, Vehicle: Bentley Daytona SP3, Year: 2020, Value: 492936.74 HKD, Engine Size: 3000cc, Registration City: Hong Kong, Policy ID: 3486816075, Coverage: Comprehensive, Premium: 17671.55 HKD, Policy Term: 1 year(s), Excess: 4304.8 HKD, Effective Date: 2024-05-01, Expiry Date: 2024-12-17, Renewal Status: Non-renewal, Driving Record: Clean, Claims History: 1, Traffic Violations: 2, Vehicle Usage: Commercial, Credit Score: 461, Underwriting Decision: Pending, Risk Class: Low Risk, Reason for Decline: None"
motor_insurance_hk_data_non_pii_114423oct2024.csv,38181170,36919973,5027204652,Declined,High Risk,Low credit score,"Driver ID: 38181170, Age: 21, Gender: Female, Driving Experience: 27 years, Occupation: Driver, Vehicle: BMW Civic, Year: 2016, Value: 122273.17 HKD, Engine Size: 1500cc, Registration City: New Territories, Policy ID: 5027204652, Coverage: Comprehensive, Premium: 17707.53 HKD, Policy Term: 1 year(s), Excess: 1781.15 HKD, Effective Date: 2024-07-08, Expiry Date: 2025-09-17, Renewal Status: Non-renewal, Driving Record: Clean, Claims History: 2, Traffic Violations: 3, Vehicle Usage: Private, Credit Score: 769, Underwriting Decision: Declined, Risk Class: High Risk, Reason for Decline: Low credit score"
motor_insurance_hk_data_non_pii_114423oct2024.csv,26615970,57368529,5427692934,Pending,Low Risk,,"Driver ID: 26615970, Age: 29, Gender: Other, Driving Experience: 4 years, Occupation: Clerical, Vehicle: Audi Civic, Year: 2017, Value: 544273.95 HKD, Engine Size: 1500cc, Registration City: New Territories, Policy ID: 5427692934, Coverage: Third Party, Premium: 7698.64 HKD, Policy Term: 1 year(s), Excess: 1334.42 HKD, Effective Date: 2024-02-09, Expiry Date: 2024-09-18, Renewal Status: Auto-renew, Driving Record: Clean, Claims History: 0, Traffic Violations: 3, Vehicle Usage: Private, Credit Score: 515, Underwriting Decision: Pending, Risk Class: Low Risk, Reason for Decline: None"
motor_insurance_hk_data_non_pii_114423oct2024.csv,64787520,73468877,5979935460,Approved,Low Risk,,"Driver ID: 64787520, Age: 45, Gender: Female, Driving Experience: 20 years, Occupation: Professional, Vehicle: Honda X5, Year: 2020, Value: 392792.7 HKD, Engine Size: 1000cc, Registration City: Hong Kong, Policy ID: 5979935460, Coverage: Third Party, Premium: 5166.33 HKD, Policy Term: 1 year(s), Excess: 3970.06 HKD, Effective Date: 2024-04-14, Expiry Date: 2025-04-19, Renewal Status: Auto-renew, Driving Record: Clean, Claims History: 1, Traffic Violations: 3, Vehicle Usage: Commercial, Credit Score: 635, Underwriting Decision: Approved, Risk Class: Low Risk, Reason for Decline: None"
motor_insurance_hk_data_non_pii_114423oct2024.csv,92864648,37966580,6815933505,Declined,Medium Risk,Multiple accidents,"Driver ID: 92864648, Age: 31, Gender: Other, Driving Experience: 21 years, Occupation: Clerical, Vehicle: McLaren Civic, Year: 2012, Value: 985528.72 HKD, Engine Size: 2500cc, Registration City: New Territories, Policy ID: 6815933505, Coverage: Comprehensive, Premium: 7495.5 HKD, Policy Term: 1 year(s), Excess: 2339.68 HKD, Effective Date: 2024-02-04, Expiry Date: 2024-07-29, Renewal Status: Auto-renew, Driving Record: Clean, Claims History: 4, Traffic Violations: 1, Vehicle Usage: Commercial, Credit Score: 739, Underwriting Decision: Declined, Risk Class: Medium Risk, Reason for Decline: Multiple accidents"
motor_insurance_hk_data_non_pii_114423oct2024.csv,61546733,83802577,2267987301,Declined,High Risk,Low credit score,"Driver ID: 61546733, Age: 55, Gender: Male, Driving Experience: 28 years, Occupation: Teacher, Vehicle: BMW Corolla, Year: 2008, Value: 287499.18 HKD, Engine Size: 2000cc, Registration City: Hong Kong, Policy ID: 2267987301, Coverage: Comprehensive, Premium: 15504.39 HKD, Policy Term: 1 year(s), Excess: 2087.18 HKD, Effective Date: 2024-09-25, Expiry Date: 2025-04-10, Renewal Status: Auto-renew, Driving Record: Multiple Accidents, Claims History: 5, Traffic Violations: 2, Vehicle Usage: Commercial, Credit Score: 806, Underwriting Decision: Declined, Risk Class: High Risk, Reason for Decline: Low credit score"
motor_insurance_hk_data_non_pii_114423oct2024.csv,17896857,34936686,9051832595,Pending,Medium Risk,,"Driver ID: 17896857, Age: 23, Gender: Female, Driving Experience: 21 years, Occupation: Driver, Vehicle: Bentley Mulliner Batur, Year: 2022, Value: 149862.0 HKD, Engine Size: 2500cc, Registration City: Kowloon, Policy ID: 9051832595, Coverage: Comprehensive, Premium: 19842.61 HKD, Policy Term: 1 year(s), Excess: 2951.93 HKD, Effective Date: 2024-01-11, Expiry Date: 2024-04-01, Renewal Status: Non-renewal, Driving Record: Clean, Claims History: 4, Traffic Violations: 0, Vehicle Usage: Private, Credit Score: 792, Underwriting Decision: Pending, Risk Class: Medium Risk, Reason for Decline: None"
motor_insurance_hk_data_non_pii_114423oct2024.csv,16430040,52036989,6692640035,Approved,Medium Risk,,"Driver ID: 16430040, Age: 42, Gender: Male, Driving Experience: 10 years, Occupation: Clerical, Vehicle: Bentley Mulliner Batur, Year: 2015, Value: 940556.15 HKD, Engine Size: 2000cc, Registration City: Kowloon, Policy ID: 6692640035, Coverage: Third Party, Premium: 18363.27 HKD, Policy Term: 1 year(s), Excess: 4489.34 HKD, Effective Date: 2024-10-22, Expiry Date: 2025-02-14, Renewal Status: Non-renewal, Driving Record: Multiple Accidents, Claims History: 3, Traffic Violations: 2, Vehicle Usage: Private, Credit Score: 367, Underwriting Decision: Approved, Risk Class: Medium Risk, Reason for Decline: None"
motor_insurance_hk_data_non_pii_114423oct2024.csv,33798006,22129016,9807031771,Declined,Low Risk,Low credit score,"Driver ID: 33798006, Age: 61, Gender: Male, Driving Experience: 14 years, Occupation: Professional, Vehicle: BMW C-Class, Year: 2006, Value: 125220.01 HKD, Engine Size: 1000cc, Registration City: Kowloon, Policy ID: 9807031771, Coverage: Third Party, Premium: 17985.48 HKD, Policy Term: 1 year(s), Excess: 3074.17 HKD, Effective Date: 2024-05-18, Expiry Date: 2025-06-15, Renewal Status: Non-renewal, Driving Record: 1 Accident, Claims History: 4, Traffic Violations: 0, Vehicle Usage: Private, Credit Score: 700, Underwriting Decision: Declined, Risk Class: Low Risk, Reason for Decline: Low credit score"
motor_insurance_hk_data_non_pii_114423oct2024.csv,25059448,16868054,8021706013,Approved,Medium Risk,,"Driver ID: 25059448, Age: 56, Gender: Other, Driving Experience: 4 years, Occupation: Professional, Vehicle: Honda Civic, Year: 2021, Value: 770676.78 HKD, Engine Size: 1000cc, Registration City: New Territories, Policy ID: 8021706013, Coverage: Comprehensive, Premium: 9724.84 HKD, Policy Term: 1 year(s), Excess: 4682.92 HKD, Effective Date: 2024-05-22, Expiry Date: 2025-06-28, Renewal Status: Non-renewal, Driving Record: 1 Accident, Claims History: 4, Traffic Violations: 3, Vehicle Usage: Private, Credit Score: 762, Underwriting Decision: Approved, Risk Class: Medium Risk, Reason for Decline: None"
motor_insurance_hk_data_non_pii_114423oct2024.csv,31628340,56407145,2081921348,Approved,Medium Risk,,"Driver ID: 31628340, Age: 36, Gender: Male, Driving Experience: 5 years, Occupation: Teacher, Vehicle: Honda Civic, Year: 2018, Value: 134473.73 HKD, Engine Size: 1000cc, Registration City: Kowloon, Policy ID: 2081921348, Coverage: Third Party, Premium: 11502.29 HKD, Policy Term: 1 year(s), Excess: 3510.47 HKD, Effective Date: 2024-04-13, Expiry Date: 2025-03-26, Renewal Status: Auto-renew, Driving Record: Multiple Accidents, Claims History: 1, Traffic Violations: 3, Vehicle Usage: Commercial, Credit Score: 793, Underwriting Decision: Approved, Risk Class: Medium Risk, Reason for Decline: None"
motor_insurance_hk_data_non_pii_114423oct2024.csv,22954425,97850425,3248138334,Pending,Low Risk,,"Driver ID: 22954425, Age: 59, Gender: Other, Driving Experience: 23 years, Occupation: Professional, Vehicle: McLaren Daytona SP3, Year: 2008, Value: 923548.51 HKD, Engine Size: 2000cc, Registration City: New Territories, Policy ID: 3248138334, Coverage: Third Party, Premium: 10699.86 HKD, Policy Term: 1 year(s), Excess: 2248.27 HKD, Effective Date: 2024-04-09, Expiry Date: 2024-05-15, Renewal Status: Auto-renew, Driving Record: Clean, Claims History: 2, Traffic Violations: 0, Vehicle Usage: Commercial, Credit Score: 378, Underwriting Decision: Pending, Risk Class: Low Risk, Reason for Decline: None"
motor_insurance_hk_data_non_pii_114423oct2024.csv,63632672,97997316,7528153648,Declined,Medium Risk,High vehicle value,"Driver ID: 63632672, Age: 69, Gender: Female, Driving Experience: 31 years, Occupation: Teacher, Vehicle: Honda Civic, Year: 2011, Value: 982532.66 HKD, Engine Size: 3000cc, Registration City: Kowloon, Policy ID: 7528153648, Coverage: Third Party, Premium: 9477.38 HKD, Policy Term: 1 year(s), Excess: 3161.5 HKD, Effective Date: 2024-01-11, Expiry Date: 2024-08-13, Renewal Status: Non-renewal, Driving Record: 1 Accident, Claims History: 0, Traffic Violations: 3, Vehicle Usage: Commercial, Credit Score: 766, Underwriting Decision: Declined, Risk Class: Medium Risk, Reason for Decline: High vehicle value"
motor_insurance_hk_data_non_pii_114423oct2024.csv,73102211,81039140,2022245611,Approved,Low Risk,,"Driver ID: 73102211, Age: 42, Gender: Male, Driving Experience: 3 years, Occupation: Clerical, Vehicle: Bentley Corolla, Year: 2013, Value: 422314.78 HKD, Engine Size: 1500cc, Registration City: Hong Kong, Policy ID: 2022245611, Coverage: Third Party, Premium: 13443.45 HKD, Policy Term: 1 year(s), Excess: 4504.75 HKD, Effective Date: 2024-10-15, Expiry Date: 2025-01-12, Renewal Status: Non-renewal, Driving Record: 1 Accident, Claims History: 2, Traffic Violations: 2, Vehicle Usage: Commercial, Credit Score: 815, Underwriting Decision: Approved, Risk Class: Low Risk, Reason for Decline: None"
motor_insurance_hk_data_non_pii_114423oct2024.csv,92657063,12628025,4820945566,Pending,High Risk,,"Driver ID: 92657063, Age: 33, Gender: Other, Driving Experience: 18 years, Occupation: Teacher, Vehicle: Toyota Mulliner Batur, Year: 2022, Value: 561684.15 HKD, Engine Size: 1500cc, Registration City: Kowloon, Policy ID: 4820945566, Coverage: Comprehensive, Premium: 11590.94 HKD, Policy Term: 1 year(s), Excess: 3214.29 HKD, Effective Date: 2024-01-23, Expiry Date: 2024-09-24, Renewal Status: Auto-renew, Driving Record: 1 Accident, Claims History: 3, Traffic Violations: 0, Vehicle Usage: Commercial, Credit Score: 629, Underwriting Decision: Pending, Risk Class: High Risk, Reason for Decline: None"
motor_insurance_hk_data_non_pii_114423oct2024.csv,26917399,34682239,7091276536,Declined,Medium Risk,High vehicle value,"Driver ID: 26917399, Age: 60, Gender: Other, Driving Experience: 12 years, Occupation: Teacher, Vehicle: Bentley Mulliner Batur, Year: 2009, Value: 244736.82 HKD, Engine Size: 1000cc, Registration City: Kowloon, Policy ID: 7091276536, Coverage: Third Party, Premium: 7165.96 HKD, Policy Term: 1 year(s), Excess: 2409.62 HKD, Effective Date: 2024-05-21, Expiry Date: 2024-12-30, Renewal Status: Non-renewal, Driving Record: 1 Accident, Claims History: 1, Traffic Violations: 1, Vehicle Usage: Commercial, Credit Score: 605, Underwriting Decision: Declined, Risk Class: Medium Risk, Reason for Decline: High vehicle value"
motor_insurance_hk_data_non_pii_114423oct2024.csv,93761725,44244759,8362785918,Declined,High Risk,Poor driving record,"Driver ID: 93761725, Age: 45, Gender: Male, Driving Experience: 19 years, Occupation: Professional, Vehicle: McLaren C-Class, Year: 2017, Value: 953039.29 HKD, Engine Size: 1000cc, Registration City: New Territories, Policy ID: 8362785918, Coverage: Comprehensive, Premium: 17404.45 HKD, Policy Term: 1 year(s), Excess: 2771.46 HKD, Effective Date: 2024-05-05, Expiry Date: 2025-09-06, Renewal Status: Auto-renew, Driving Record: Multiple Accidents, Claims History: 2, Traffic Violations: 0, Vehicle Usage: Private, Credit Score: 780, Underwriting Decision: Declined, Risk Class: High Risk, Reason for Decline: Poor driving record"
motor_insurance_hk_data_non_pii_114423oct2024.csv,37742074,76729516,3758138406,Declined,High Risk,Low credit score,"Driver ID: 37742074, Age: 34, Gender: Other, Driving Experience: 29 years, Occupation: Clerical, Vehicle: Audi Civic, Year: 2005, Value: 850946.8 HKD, Engine Size: 2500cc, Registration City: New Territories, Policy ID: 3758138406, Coverage: Third Party, Premium: 19871.28 HKD, Policy Term: 1 year(s), Excess: 4399.47 HKD, Effective Date: 2024-09-08, Expiry Date: 2025-01-11, Renewal Status: Auto-renew, Driving Record: Multiple Accidents, Claims History: 4, Traffic Violations: 3, Vehicle Usage: Commercial, Credit Score: 751, Underwriting Decision: Declined, Risk Class: High Risk, Reason for Decline: Low credit score"
motor_insurance_hk_data_non_pii_114423oct2024.csv,40567244,65978162,8442871919,Approved,Low Risk,,"Driver ID: 40567244, Age: 33, Gender: Female, Driving Experience: 23 years, Occupation: Teacher, Vehicle: Toyota X5, Year: 2006, Value: 934624.54 HKD, Engine Size: 3000cc, Registration City: Hong Kong, Policy ID: 8442871919, Coverage: Third Party, Premium: 5330.39 HKD, Policy Term: 1 year(s), Excess: 3826.13 HKD, Effective Date: 2024-04-18, Expiry Date: 2025-02-06, Renewal Status: Auto-renew, Driving Record: 1 Accident, Claims History: 0, Traffic Violations: 2, Vehicle Usage: Commercial, Credit Score: 601, Underwriting Decision: Approved, Risk Class: Low Risk, Reason for Decline: None"
motor_insurance_hk_data_non_pii_114423oct2024.csv,67124183,14224020,7345788657,Approved,Low Risk,,"Driver ID: 67124183, Age: 48, Gender: Male, Driving Experience: 5 years, Occupation: Clerical, Vehicle: Bentley Speedtail, Year: 2013, Value: 701874.09 HKD, Engine Size: 2500cc, Registration City: Kowloon, Policy ID: 7345788657, Coverage: Third Party, Premium: 8718.75 HKD, Policy Term: 1 year(s), Excess: 4359.52 HKD, Effective Date: 2024-07-06, Expiry Date: 2024-09-14, Renewal Status: Non-renewal, Driving Record: Multiple Accidents, Claims History: 4, Traffic Violations: 2, Vehicle Usage: Private, Credit Score: 681, Underwriting Decision: Approved, Risk Class: Low Risk, Reason for Decline: None"
motor_insurance_hk_data_non_pii_114423oct2024.csv,83532036,93041073,3241267568,Pending,Low Risk,,"Driver ID: 83532036, Age: 25, Gender: Other, Driving Experience: 24 years, Occupation: Teacher, Vehicle: Honda A4, Year: 2012, Value: 428466.28 HKD, Engine Size: 2500cc, Registration City: Kowloon, Policy ID: 3241267568, Coverage: Comprehensive, Premium: 18000.12 HKD, Policy Term: 1 year(s), Excess: 4914.71 HKD, Effective Date: 2024-01-09, Expiry Date: 2025-03-12, Renewal Status: Auto-renew, Driving Record: 1 Accident, Claims History: 4, Traffic Violations: 1, Vehicle Usage: Commercial, Credit Score: 307, Underwriting Decision: Pending, Risk Class: Low Risk, Reason for Decline: None"
motor_insurance_hk_data_non_pii_114423oct2024.csv,93199536,74606673,9508403906,Declined,High Risk,Multiple accidents,"Driver ID: 93199536, Age: 62, Gender: Other, Driving Experience: 5 years, Occupation: Professional, Vehicle: Mercedes-Benz Daytona SP3, Year: 2007, Value: 208194.11 HKD, Engine Size: 2500cc, Registration City: New Territories, Policy ID: 9508403906, Coverage: Third Party, Premium: 7064.82 HKD, Policy Term: 1 year(s), Excess: 4577.68 HKD, Effective Date: 2024-02-29, Expiry Date: 2025-09-27, Renewal Status: Auto-renew, Driving Record: Multiple Accidents, Claims History: 2, Traffic Violations: 0, Vehicle Usage: Commercial, Credit Score: 546, Underwriting Decision: Declined, Risk Class: High Risk, Reason for Decline: Multiple accidents"
motor_insurance_hk_data_non_pii_114423oct2024.csv,88875499,38757503,6046284743,Declined,Medium Risk,Low credit score,"Driver ID: 88875499, Age: 22, Gender: Other, Driving Experience: 32 years, Occupation: Driver, Vehicle: Ferrari Daytona SP3, Year: 2023, Value: 447236.42 HKD, Engine Size: 1500cc, Registration City: New Territories, Policy ID: 6046284743, Coverage: Comprehensive, Premium: 7212.22 HKD, Policy Term: 1 year(s), Excess: 1027.11 HKD, Effective Date: 2024-02-06, Expiry Date: 2025-07-06, Renewal Status: Auto-renew, Driving Record: 1 Accident, Claims History: 0, Traffic Violations: 3, Vehicle Usage: Commercial, Credit Score: 330, Underwriting Decision: Declined, Risk Class: Medium Risk, Reason for Decline: Low credit score"
motor_insurance_hk_data_non_pii_114423oct2024.csv,99595514,84525471,4506077503,Declined,High Risk,Poor driving record,"Driver ID: 99595514, Age: 53, Gender: Female, Driving Experience: 4 years, Occupation: Driver, Vehicle: BMW Civic, Year: 2016, Value: 924868.93 HKD, Engine Size: 1500cc, Registration City: New Territories, Policy ID: 4506077503, Coverage: Third Party, Premium: 6840.67 HKD, Policy Term: 1 year(s), Excess: 3669.87 HKD, Effective Date: 2024-06-06, Expiry Date: 2024-12-02, Renewal Status: Non-renewal, Driving Record: Clean, Claims History: 0, Traffic Violations: 3, Vehicle Usage: Commercial, Credit Score: 684, Underwriting Decision: Declined, Risk Class: High Risk, Reason for Decline: Poor driving record"
motor_insurance_hk_data_non_pii_114423oct2024.csv,69971064,34305297,1592085920,Approved,Medium Risk,,"Driver ID: 69971064, Age: 37, Gender: Other, Driving Experience: 14 years, Occupation: Professional, Vehicle: Audi C-Class, Year: 2018, Value: 737551.09 HKD, Engine Size: 1500cc, Registration City: Hong Kong, Policy ID: 1592085920, Coverage: Comprehensive, Premium: 12612.26 HKD, Policy Term: 1 year(s), Excess: 1265.47 HKD, Effective Date: 2024-02-18, Expiry Date: 2024-12-03, Renewal Status: Auto-renew, Driving Record: Clean, Claims History: 3, Traffic Violations: 0, Vehicle Usage: Private, Credit Score: 401, Underwriting Decision: Approved, Risk Class: Medium Risk, Reason for Decline: None"
motor_insurance_hk_data_non_pii_114423oct2024.csv,10870155,64863749,2325410092,Approved,High Risk,,"Driver ID: 10870155, Age: 23, Gender: Other, Driving Experience: 16 years, Occupation: Clerical, Vehicle: Audi Speedtail, Year: 2013, Value: 715755.0 HKD, Engine Size: 1500cc, Registration City: New Territories, Policy ID: 2325410092, Coverage: Third Party, Premium: 17306.7 HKD, Policy Term: 1 year(s), Excess: 2505.33 HKD, Effective Date: 2024-03-31, Expiry Date: 2025-08-04, Renewal Status: Non-renewal, Driving Record: Clean, Claims History: 5, Traffic Violations: 0, Vehicle Usage: Commercial, Credit Score: 360, Underwriting Decision: Approved, Risk Class: High Risk, Reason for Decline: None"
motor_insurance_hk_data_non_pii_114423oct2024.csv,20086471,93547376,6458806450,Pending,High Risk,,"Driver ID: 20086471, Age: 22, Gender: Other, Driving Experience: 22 years, Occupation: Professional, Vehicle: Toyota A4, Year: 2019, Value: 197892.5 HKD, Engine Size: 2500cc, Registration City: Kowloon, Policy ID: 6458806450, Coverage: Third Party, Premium: 18696.36 HKD, Policy Term: 1 year(s), Excess: 1884.61 HKD, Effective Date: 2024-03-13, Expiry Date: 2025-04-26, Renewal Status: Auto-renew, Driving Record: Clean, Claims History: 0, Traffic Violations: 0, Vehicle Usage: Private, Credit Score: 402, Underwriting Decision: Pending, Risk Class: High Risk, Reason for Decline: None"
motor_insurance_hk_data_non_pii_114423oct2024.csv,31087185,28972829,4596463619,Pending,Low Risk,,"Driver ID: 31087185, Age: 64, Gender: Male, Driving Experience: 1 years, Occupation: Professional, Vehicle: Honda A4, Year: 2009, Value: 499309.26 HKD, Engine Size: 2000cc, Registration City: Kowloon, Policy ID: 4596463619, Coverage: Third Party, Premium: 17922.22 HKD, Policy Term: 1 year(s), Excess: 4576.59 HKD, Effective Date: 2024-10-20, Expiry Date: 2025-03-03, Renewal Status: Non-renewal, Driving Record: Clean, Claims History: 1, Traffic Violations: 0, Vehicle Usage: Private, Credit Score: 786, Underwriting Decision: Pending, Risk Class: Low Risk, Reason for Decline: None"
motor_insurance_hk_data_non_pii_114423oct2024.csv,10121100,90881108,9948834068,Pending,Medium Risk,,"Driver ID: 10121100, Age: 23, Gender: Male, Driving Experience: 31 years, Occupation: Driver, Vehicle: Bentley A4, Year: 2010, Value: 703755.75 HKD, Engine Size: 1000cc, Registration City: New Territories, Policy ID: 9948834068, Coverage: Third Party, Premium: 9124.09 HKD, Policy Term: 1 year(s), Excess: 1297.49 HKD, Effective Date: 2024-02-29, Expiry Date: 2025-01-21, Renewal Status: Non-renewal, Driving Record: 1 Accident, Claims History: 2, Traffic Violations: 2, Vehicle Usage: Private, Credit Score: 522, Underwriting Decision: Pending, Risk Class: Medium Risk, Reason for Decline: None"
motor_insurance_hk_data_non_pii_114423oct2024.csv,80706431,89842739,5444734724,Approved,High Risk,,"Driver ID: 80706431, Age: 40, Gender: Female, Driving Experience: 28 years, Occupation: Professional, Vehicle: Ferrari C-Class, Year: 2006, Value: 604597.45 HKD, Engine Size: 2000cc, Registration City: Hong Kong, Policy ID: 5444734724, Coverage: Third Party, Premium: 12182.62 HKD, Policy Term: 1 year(s), Excess: 2665.27 HKD, Effective Date: 2024-08-16, Expiry Date: 2024-12-07, Renewal Status: Non-renewal, Driving Record: Clean, Claims History: 2, Traffic Violations: 1, Vehicle Usage: Commercial, Credit Score: 523, Underwriting Decision: Approved, Risk Class: High Risk, Reason for Decline: None"
motor_insurance_hk_data_non_pii_114423oct2024.csv,27149189,12185598,6303872232,Approved,Low Risk,,"Driver ID: 27149189, Age: 31, Gender: Female, Driving Experience: 20 years, Occupation: Teacher, Vehicle: Mercedes-Benz C-Class, Year: 2010, Value: 390616.94 HKD, Engine Size: 1000cc, Registration City: Hong Kong, Policy ID: 6303872232, Coverage: Third Party, Premium: 15665.69 HKD, Policy Term: 1 year(s), Excess: 2873.92 HKD, Effective Date: 2024-04-01, Expiry Date: 2024-11-18, Renewal Status: Auto-renew, Driving Record: Clean, Claims History: 1, Traffic Violations: 2, Vehicle Usage: Commercial, Credit Score: 304, Underwriting Decision: Approved, Risk Class: Low Risk, Reason for Decline: None"
motor_insurance_hk_data_non_pii_114423oct2024.csv,36684855,41253880,6538912921,Pending,Low Risk,,"Driver ID: 36684855, Age: 54, Gender: Male, Driving Experience: 3 years, Occupation: Professional, Vehicle: McLaren C-Class, Year: 2016, Value: 750877.07 HKD, Engine Size: 2000cc, Registration City: New Territories, Policy ID: 6538912921, Coverage: Third Party, Premium: 15705.3 HKD, Policy Term: 1 year(s), Excess: 3752.37 HKD, Effective Date: 2024-06-25, Expiry Date: 2024-10-19, Renewal Status: Non-renewal, Driving Record: Clean, Claims History: 0, Traffic Violations: 0, Vehicle Usage: Private, Credit Score: 533, Underwriting Decision: Pending, Risk Class: Low Risk, Reason for Decline: None"
motor_insurance_hk_data_non_pii_114423oct2024.csv,58927787,49189121,9661281073,Approved,Low Risk,,"Driver ID: 58927787, Age: 20, Gender: Male, Driving Experience: 6 years, Occupation: Teacher, Vehicle: Honda Corolla, Year: 2007, Value: 301179.05 HKD, Engine Size: 2000cc, Registration City: Kowloon, Policy ID: 9661281073, Coverage: Third Party, Premium: 10969.1 HKD, Policy Term: 1 year(s), Excess: 4499.97 HKD, Effective Date: 2024-05-20, Expiry Date: 2024-12-29, Renewal Status: Non-renewal, Driving Record: Clean, Claims History: 3, Traffic Violations: 0, Vehicle Usage: Commercial, Credit Score: 580, Underwriting Decision: Approved, Risk Class: Low Risk, Reason for Decline: None"
motor_insurance_hk_data_non_pii_114423oct2024.csv,14149582,33696342,3773171398,Pending,Low Risk,,"Driver ID: 14149582, Age: 25, Gender: Male, Driving Experience: 27 years, Occupation: Professional, Vehicle: Audi Speedtail, Year: 2008, Value: 321196.65 HKD, Engine Size: 1500cc, Registration City: Hong Kong, Policy ID: 3773171398, Coverage: Comprehensive, Premium: 6285.48 HKD, Policy Term: 1 year(s), Excess: 2284.29 HKD, Effective Date: 2024-08-31, Expiry Date: 2025-04-17, Renewal Status: Auto-renew, Driving Record: Clean, Claims History: 2, Traffic Violations: 3, Vehicle Usage: Commercial, Credit Score: 472, Underwriting Decision: Pending, Risk Class: Low Risk, Reason for Decline: None"
motor_insurance_hk_data_non_pii_114423oct2024.csv,57400805,99936792,1375126840,Approved,High Risk,,"Driver ID: 57400805, Age: 45, Gender: Male, Driving Experience: 16 years, Occupation: Clerical, Vehicle: Ferrari C-Class, Year: 2013, Value: 685782.84 HKD, Engine Size: 2500cc, Registration City: New Territories, Policy ID: 1375126840, Coverage: Third Party, Premium: 10838.07 HKD, Policy Term: 1 year(s), Excess: 4708.19 HKD, Effective Date: 2024-09-27, Expiry Date: 2025-02-18, Renewal Status: Auto-renew, Driving Record: Multiple Accidents, Claims History: 4, Traffic Violations: 3, Vehicle Usage: Commercial, Credit Score: 839, Underwriting Decision: Approved, Risk Class: High Risk, Reason for Decline: None"
motor_insurance_hk_data_non_pii_114423oct2024.csv,56351907,27734726,3203654056,Pending,Medium Risk,,"Driver ID: 56351907, Age: 34, Gender: Other, Driving Experience: 7 years, Occupation: Teacher, Vehicle: Audi X5, Year: 2022, Value: 639138.76 HKD, Engine Size: 1000cc, Registration City: Hong Kong, Policy ID: 3203654056, Coverage: Third Party, Premium: 8245.2 HKD, Policy Term: 1 year(s), Excess: 3626.23 HKD, Effective Date: 2024-08-03, Expiry Date: 2025-08-13, Renewal Status: Non-renewal, Driving Record: 1 Accident, Claims History: 5, Traffic Violations: 3, Vehicle Usage: Commercial, Credit Score: 518, Underwriting Decision: Pending, Risk Class: Medium Risk, Reason for Decline: None"
motor_insurance_hk_data_non_pii_114423oct2024.csv,43585747,35179918,3130988099,Approved,High Risk,,"Driver ID: 43585747, Age: 42, Gender: Other, Driving Experience: 25 years, Occupation: Professional, Vehicle: BMW C-Class, Year: 2020, Value: 746581.69 HKD, Engine Size: 2500cc, Registration City: Kowloon, Policy ID: 3130988099, Coverage: Third Party, Premium: 12473.19 HKD, Policy Term: 1 year(s), Excess: 1745.92 HKD, Effective Date: 2024-09-15, Expiry Date: 2025-08-03, Renewal Status: Non-renewal, Driving Record: Clean, Claims History: 3, Traffic Violations: 2, Vehicle Usage: Commercial, Credit Score: 485, Underwriting Decision: Approved, Risk Class: High Risk, Reason for Decline: None"
motor_insurance_hk_data_non_pii_114423oct2024.csv,24449494,92850389,2996125733,Approved,Medium Risk,,"Driver ID: 24449494, Age: 21, Gender: Male, Driving Experience: 20 years, Occupation: Driver, Vehicle: Honda Daytona SP3, Year: 2015, Value: 832580.73 HKD, Engine Size: 2000cc, Registration City: Kowloon, Policy ID: 2996125733, Coverage: Third Party, Premium: 11370.06 HKD, Policy Term: 1 year(s), Excess: 1440.96 HKD, Effective Date: 2024-06-20, Expiry Date: 2024-08-19, Renewal Status: Auto-renew, Driving Record: Clean, Claims History: 5, Traffic Violations: 3, Vehicle Usage: Commercial, Credit Score: 850, Underwriting Decision: Approved, Risk Class: Medium Risk, Reason for Decline: None"
motor_insurance_hk_data_non_pii_114423oct2024.csv,39338809,33687373,1359244007,Approved,Low Risk,,"Driver ID: 39338809, Age: 18, Gender: Other, Driving Experience: 24 years, Occupation: Professional, Vehicle: Mercedes-Benz Corolla, Year: 2018, Value: 797047.24 HKD, Engine Size: 2500cc, Registration City: New Territories, Policy ID: 1359244007, Coverage: Comprehensive, Premium: 13352.69 HKD, Policy Term: 1 year(s), Excess: 1294.64 HKD, Effective Date: 2024-03-09, Expiry Date: 2024-11-27, Renewal Status: Non-renewal, Driving Record: Clean, Claims History: 3, Traffic Violations: 1, Vehicle Usage: Private, Credit Score: 557, Underwriting Decision: Approved, Risk Class: Low Risk, Reason for Decline: None"
motor_insurance_hk_data_non_pii_114423oct2024.csv,99246809,52576836,1350293295,Pending,High Risk,,"Driver ID: 99246809, Age: 32, Gender: Other, Driving Experience: 27 years, Occupation: Driver, Vehicle: Ferrari C-Class, Year: 2018, Value: 143392.69 HKD, Engine Size: 1000cc, Registration City: Hong Kong, Policy ID: 1350293295, Coverage: Third Party, Premium: 17730.72 HKD, Policy Term: 1 year(s), Excess: 1433.12 HKD, Effective Date: 2024-04-06, Expiry Date: 2025-05-01, Renewal Status: Non-renewal, Driving Record: 1 Accident, Claims History: 1, Traffic Violations: 0, Vehicle Usage: Commercial, Credit Score: 800, Underwriting Decision: Pending, Risk Class: High Risk, Reason for Decline: None"
motor_insurance_hk_data_non_pii_114423oct2024.csv,64282948,47780886,9392108620,Approved,High Risk,,"Driver ID: 64282948, Age: 57, Gender: Other, Driving Experience: 24 years, Occupation: Professional, Vehicle: BMW Corolla, Year: 2023, Value: 382463.61 HKD, Engine Size: 2500cc, Registration City: Kowloon, Policy ID: 9392108620, Coverage: Third Party, Premium: 8445.0 HKD, Policy Term: 1 year(s), Excess: 1910.87 HKD, Effective Date: 2024-06-14, Expiry Date: 2024-10-17, Renewal Status: Auto-renew, Driving Record: Multiple Accidents, Claims History: 3, Traffic Violations: 1, Vehicle Usage: Private, Credit Score: 421, Underwriting Decision: Approved, Risk Class: High Risk, Reason for Decline: None"
motor_insurance_hk_data_non_pii_114423oct2024.csv,41115713,38590467,6100493758,Declined,High Risk,Low credit score,"Driver ID: 41115713, Age: 19, Gender: Female, Driving Experience: 19 years, Occupation: Teacher, Vehicle: McLaren Speedtail, Year: 2007, Value: 810201.17 HKD, Engine Size: 3000cc, Registration City: Hong Kong, Policy ID: 6100493758, Coverage: Comprehensive, Premium: 10188.92 HKD, Policy Term: 1 year(s), Excess: 3134.61 HKD, Effective Date: 2024-03-26, Expiry Date: 2024-11-07, Renewal Status: Auto-renew, Driving Record: Multiple Accidents, Claims History: 0, Traffic Violations: 2, Vehicle Usage: Private, Credit Score: 447, Underwriting Decision: Declined, Risk Class: High Risk, Reason for Decline: Low credit score"
motor_insurance_hk_data_non_pii_114423oct2024.csv,96133089,79479494,1513036949,Declined,Low Risk,Poor driving record,"Driver ID: 96133089, Age: 48, Gender: Female, Driving Experience: 15 years, Occupation: Driver, Vehicle: BMW Civic, Year: 2008, Value: 809813.21 HKD, Engine Size: 1000cc, Registration City: Hong Kong, Policy ID: 1513036949, Coverage: Third Party, Premium: 14516.83 HKD, Policy Term: 1 year(s), Excess: 2136.1 HKD, Effective Date: 2024-07-24, Expiry Date: 2024-09-15, Renewal Status: Non-renewal, Driving Record: 1 Accident, Claims History: 0, Traffic Violations: 1, Vehicle Usage: Commercial, Credit Score: 654, Underwriting Decision: Declined, Risk Class: Low Risk, Reason for Decline: Poor driving record"
motor_insurance_hk_data_non_pii_114423oct2024.csv,50146501,15550867,7686107074,Approved,Medium Risk,,"Driver ID: 50146501, Age: 19, Gender: Other, Driving Experience: 30 years, Occupation: Clerical, Vehicle: Bentley Mulliner Batur, Year: 2011, Value: 913665.7 HKD, Engine Size: 2500cc, Registration City: Hong Kong, Policy ID: 7686107074, Coverage: Comprehensive, Premium: 17659.7 HKD, Policy Term: 1 year(s), Excess: 3690.03 HKD, Effective Date: 2024-04-14, Expiry Date: 2025-04-16, Renewal Status: Auto-renew, Driving Record: Clean, Claims History: 1, Traffic Violations: 1, Vehicle Usage: Commercial, Credit Score: 707, Underwriting Decision: Approved, Risk Class: Medium Risk, Reason for Decline: None"
motor_insurance_hk_data_non_pii_114423oct2024.csv,92681129,79486562,1232179152,Pending,Medium Risk,,"Driver ID: 92681129, Age: 28, Gender: Male, Driving Experience: 22 years, Occupation: Teacher, Vehicle: BMW X5, Year: 2010, Value: 295537.49 HKD, Engine Size: 2500cc, Registration City: Kowloon, Policy ID: 1232179152, Coverage: Comprehensive, Premium: 10441.07 HKD, Policy Term: 1 year(s), Excess: 2527.69 HKD, Effective Date: 2024-04-12, Expiry Date: 2024-10-15, Renewal Status: Non-renewal, Driving Record: Clean, Claims History: 1, Traffic Violations: 1, Vehicle Usage: Private, Credit Score: 340, Underwriting Decision: Pending, Risk Class: Medium Risk, Reason for Decline: None"
motor_insurance_hk_data_non_pii_114423oct2024.csv,98165505,92130059,1778551422,Approved,High Risk,,"Driver ID: 98165505, Age: 57, Gender: Male, Driving Experience: 25 years, Occupation: Teacher, Vehicle: Ferrari Daytona SP3, Year: 2012, Value: 739679.45 HKD, Engine Size: 1000cc, Registration City: Kowloon, Policy ID: 1778551422, Coverage: Comprehensive, Premium: 9290.96 HKD, Policy Term: 1 year(s), Excess: 4870.4 HKD, Effective Date: 2024-09-12, Expiry Date: 2025-04-26, Renewal Status: Non-renewal, Driving Record: Clean, Claims History: 3, Traffic Violations: 0, Vehicle Usage: Commercial, Credit Score: 745, Underwriting Decision: Approved, Risk Class: High Risk, Reason for Decline: None"
motor_insurance_hk_data_non_pii_114423oct2024.csv,69868426,30317507,6438107266,Pending,Low Risk,,"Driver ID: 69868426, Age: 42, Gender: Male, Driving Experience: 18 years, Occupation: Professional, Vehicle: Mercedes-Benz Civic, Year: 2019, Value: 185593.18 HKD, Engine Size: 2000cc, Registration City: Kowloon, Policy ID: 6438107266, Coverage: Comprehensive, Premium: 14122.31 HKD, Policy Term: 1 year(s), Excess: 3595.39 HKD, Effective Date: 2024-07-09, Expiry Date: 2025-05-18, Renewal Status: Auto-renew, Driving Record: Multiple Accidents, Claims History: 2, Traffic Violations: 2, Vehicle Usage: Private, Credit Score: 714, Underwriting Decision: Pending, Risk Class: Low Risk, Reason for Decline: None"
motor_insurance_hk_data_non_pii_114423oct2024.csv,66726600,21693869,7560990826,Declined,Low Risk,Poor driving record,"Driver ID: 66726600, Age: 40, Gender: Male, Driving Experience: 28 years, Occupation: Clerical, Vehicle: Honda Mulliner Batur, Year: 2015, Value: 903295.56 HKD, Engine Size: 1500cc, Registration City: Hong Kong, Policy ID: 7560990826, Coverage: Third Party, Premium: 8713.92 HKD, Policy Term: 1 year(s), Excess: 1001.53 HKD, Effective Date: 2024-02-11, Expiry Date: 2025-01-01, Renewal Status: Auto-renew, Driving Record: Multiple Accidents, Claims History: 2, Traffic Violations: 1, Vehicle Usage: Private, Credit Score: 448, Underwriting Decision: Declined, Risk Class: Low Risk, Reason for Decline: Poor driving record"
motor_insurance_hk_data_non_pii_114423oct2024.csv,29662623,61098465,3371807517,Declined,Medium Risk,Poor driving record,"Driver ID: 29662623, Age: 64, Gender: Female, Driving Experience: 16 years, Occupation: Clerical, Vehicle: Bentley C-Class, Year: 2019, Value: 365282.3 HKD, Engine Size: 1500cc, Registration City: Hong Kong, Policy ID: 3371807517, Coverage: Third Party, Premium: 6539.11 HKD, Policy Term: 1 year(s), Excess: 2845.62 HKD, Effective Date: 2024-06-11, Expiry Date: 2025-01-09, Renewal Status: Non-renewal, Driving Record: Multiple Accidents, Claims History: 0, Traffic Violations: 0, Vehicle Usage: Private, Credit Score: 717, Underwriting Decision: Declined, Risk Class: Medium Risk, Reason for Decline: Poor driving record"
motor_insurance_hk_data_non_pii_114423oct2024.csv,26422222,81752783,2746131669,Approved,High Risk,,"Driver ID: 26422222, Age: 47, Gender: Other, Driving Experience: 20 years, Occupation: Clerical, Vehicle: McLaren Corolla, Year: 2022, Value: 353076.23 HKD, Engine Size: 1500cc, Registration City: New Territories, Policy ID: 2746131669, Coverage: Third Party, Premium: 19701.06 HKD, Policy Term: 1 year(s), Excess: 4251.73 HKD, Effective Date: 2024-07-04, Expiry Date: 2025-06-19, Renewal Status: Auto-renew, Driving Record: Clean, Claims History: 2, Traffic Violations: 3, Vehicle Usage: Private, Credit Score: 610, Underwriting Decision: Approved, Risk Class: High Risk, Reason for Decline: None"
motor_insurance_hk_data_non_pii_114423oct2024.csv,80489312,60373291,5734280913,Pending,High Risk,,"Driver ID: 80489312, Age: 19, Gender: Male, Driving Experience: 19 years, Occupation: Driver, Vehicle: Mercedes-Benz X5, Year: 2008, Value: 788362.06 HKD, Engine Size: 2500cc, Registration City: New Territories, Policy ID: 5734280913, Coverage: Comprehensive, Premium: 15889.95 HKD, Policy Term: 1 year(s), Excess: 4624.75 HKD, Effective Date: 2024-08-14, Expiry Date: 2025-03-06, Renewal Status: Auto-renew, Driving Record: 1 Accident, Claims History: 5, Traffic Violations: 2, Vehicle Usage: Private, Credit Score: 626, Underwriting Decision: Pending, Risk Class: High Risk, Reason for Decline: None"
motor_insurance_hk_data_non_pii_114423oct2024.csv,54221099,73916621,8912633449,Pending,High Risk,,"Driver ID: 54221099, Age: 70, Gender: Female, Driving Experience: 28 years, Occupation: Teacher, Vehicle: McLaren Corolla, Year: 2006, Value: 783019.4 HKD, Engine Size: 3000cc, Registration City: Hong Kong, Policy ID: 8912633449, Coverage: Third Party, Premium: 6943.24 HKD, Policy Term: 1 year(s), Excess: 3440.18 HKD, Effective Date: 2024-07-17, Expiry Date: 2025-01-22, Renewal Status: Non-renewal, Driving Record: 1 Accident, Claims History: 5, Traffic Violations: 1, Vehicle Usage: Private, Credit Score: 708, Underwriting Decision: Pending, Risk Class: High Risk, Reason for Decline: None"
motor_insurance_hk_data_non_pii_114423oct2024.csv,46763210,57283726,7477506990,Pending,Low Risk,,"Driver ID: 46763210, Age: 52, Gender: Male, Driving Experience: 19 years, Occupation: Professional, Vehicle: McLaren Mulliner Batur, Year: 2005, Value: 123316.83 HKD, Engine Size: 1000cc, Registration City: Hong Kong, Policy ID: 7477506990, Coverage: Comprehensive, Premium: 12899.51 HKD, Policy Term: 1 year(s), Excess: 1072.78 HKD, Effective Date: 2024-02-18, Expiry Date: 2024-07-17, Renewal Status: Non-renewal, Driving Record: Multiple Accidents, Claims History: 5, Traffic Violations: 1, Vehicle Usage: Commercial, Credit Score: 604, Underwriting Decision: Pending, Risk Class: Low Risk, Reason for Decline: None"
motor_insurance_hk_data_non_pii_114423oct2024.csv,96544432,74538169,5843843076,Approved,Medium Risk,,"Driver ID: 96544432, Age: 32, Gender: Female, Driving Experience: 8 years, Occupation: Driver, Vehicle: Ferrari Speedtail, Year: 2021, Value: 264227.36 HKD, Engine Size: 1500cc, Registration City: Hong Kong, Policy ID: 5843843076, Coverage: Third Party, Premium: 17116.94 HKD, Policy Term: 1 year(s), Excess: 2070.6 HKD, Effective Date: 2024-01-08, Expiry Date: 2024-11-28, Renewal Status: Auto-renew, Driving Record: Multiple Accidents, Claims History: 1, Traffic Violations: 1, Vehicle Usage: Commercial, Credit Score: 331, Underwriting Decision: Approved, Risk Class: Medium Risk, Reason for Decline: None"
motor_insurance_hk_data_non_pii_114423oct2024.csv,60046804,85013454,7989718263,Approved,Low Risk,,"Driver ID: 60046804, Age: 31, Gender: Other, Driving Experience: 10 years, Occupation: Teacher, Vehicle: Toyota C-Class, Year: 2017, Value: 374098.32 HKD, Engine Size: 3000cc, Registration City: Hong Kong, Policy ID: 7989718263, Coverage: Comprehensive, Premium: 14895.23 HKD, Policy Term: 1 year(s), Excess: 3023.17 HKD, Effective Date: 2024-04-18, Expiry Date: 2025-05-26, Renewal Status: Non-renewal, Driving Record: 1 Accident, Claims History: 2, Traffic Violations: 2, Vehicle Usage: Private, Credit Score: 361, Underwriting Decision: Approved, Risk Class: Low Risk, Reason for Decline: None"
motor_insurance_hk_data_non_pii_114423oct2024.csv,57979291,90240556,8188820152,Approved,Low Risk,,"Driver ID: 57979291, Age: 37, Gender: Male, Driving Experience: 31 years, Occupation: Driver, Vehicle: Toyota Daytona SP3, Year: 2013, Value: 358219.39 HKD, Engine Size: 1000cc, Registration City: New Territories, Policy ID: 8188820152, Coverage: Comprehensive, Premium: 11182.81 HKD, Policy Term: 1 year(s), Excess: 4807.81 HKD, Effective Date: 2024-08-22, Expiry Date: 2024-11-14, Renewal Status: Auto-renew, Driving Record: 1 Accident, Claims History: 3, Traffic Violations: 3, Vehicle Usage: Private, Credit Score: 312, Underwriting Decision: Approved, Risk Class: Low Risk, Reason for Decline: None"
motor_insurance_hk_data_non_pii_114423oct2024.csv,83543279,32216404,2258064610,Approved,High Risk,,"Driver ID: 83543279, Age: 38, Gender: Male, Driving Experience: 16 years, Occupation: Driver, Vehicle: Mercedes-Benz Civic, Year: 2008, Value: 117266.56 HKD, Engine Size: 3000cc, Registration City: Kowloon, Policy ID: 2258064610, Coverage: Comprehensive, Premium: 9302.24 HKD, Policy Term: 1 year(s), Excess: 2484.14 HKD, Effective Date: 2024-06-11, Expiry Date: 2025-04-24, Renewal Status: Non-renewal, Driving Record: Multiple Accidents, Claims History: 4, Traffic Violations: 2, Vehicle Usage: Commercial, Credit Score: 335, Underwriting Decision: Approved, Risk Class: High Risk, Reason for Decline: None"
motor_insurance_hk_data_non_pii_114423oct2024.csv,25823534,44795558,5173868211,Declined,Medium Risk,Multiple accidents,"Driver ID: 25823534, Age: 50, Gender: Other, Driving Experience: 28 years, Occupation: Clerical, Vehicle: Bentley Mulliner Batur, Year: 2014, Value: 852695.72 HKD, Engine Size: 2000cc, Registration City: New Territories, Policy ID: 5173868211, Coverage: Comprehensive, Premium: 14034.25 HKD, Policy Term: 1 year(s), Excess: 2889.24 HKD, Effective Date: 2024-10-17, Expiry Date: 2024-12-31, Renewal Status: Auto-renew, Driving Record: 1 Accident, Claims History: 5, Traffic Violations: 2, Vehicle Usage: Private, Credit Score: 628, Underwriting Decision: Declined, Risk Class: Medium Risk, Reason for Decline: Multiple accidents"
motor_insurance_hk_data_non_pii_114423oct2024.csv,59507028,80132824,4510738634,Pending,High Risk,,"Driver ID: 59507028, Age: 43, Gender: Male, Driving Experience: 4 years, Occupation: Teacher, Vehicle: BMW Daytona SP3, Year: 2015, Value: 940720.47 HKD, Engine Size: 2500cc, Registration City: Hong Kong, Policy ID: 4510738634, Coverage: Third Party, Premium: 17202.58 HKD, Policy Term: 1 year(s), Excess: 3606.59 HKD, Effective Date: 2024-05-04, Expiry Date: 2025-09-22, Renewal Status: Non-renewal, Driving Record: 1 Accident, Claims History: 4, Traffic Violations: 1, Vehicle Usage: Private, Credit Score: 577, Underwriting Decision: Pending, Risk Class: High Risk, Reason for Decline: None"
motor_insurance_hk_data_non_pii_114423oct2024.csv,53819615,35890291,2996704440,Declined,High Risk,Poor driving record,"Driver ID: 53819615, Age: 62, Gender: Female, Driving Experience: 3 years, Occupation: Professional, Vehicle: Ferrari A4, Year: 2022, Value: 100126.47 HKD, Engine Size: 1500cc, Registration City: New Territories, Policy ID: 2996704440, Coverage: Third Party, Premium: 6092.14 HKD, Policy Term: 1 year(s), Excess: 4013.45 HKD, Effective Date: 2024-02-13, Expiry Date: 2024-02-25, Renewal Status: Auto-renew, Driving Record: Clean, Claims History: 1, Traffic Violations: 0, Vehicle Usage: Commercial, Credit Score: 781, Underwriting Decision: Declined, Risk Class: High Risk, Reason for Decline: Poor driving record"
motor_insurance_hk_data_non_pii_114423oct2024.csv,21444985,33038501,7169656759,Approved,Medium Risk,,"Driver ID: 21444985, Age: 61, Gender: Female, Driving Experience: 31 years, Occupation: Professional, Vehicle: Toyota Speedtail, Year: 2016, Value: 698679.8 HKD, Engine Size: 2500cc, Registration City: New Territories, Policy ID: 7169656759, Coverage: Comprehensive, Premium: 10157.7 HKD, Policy Term: 1 year(s), Excess: 3685.85 HKD, Effective Date: 2024-05-26, Expiry Date: 2024-12-04, Renewal Status: Auto-renew, Driving Record: 1 Accident, Claims History: 3, Traffic Violations: 3, Vehicle Usage: Private, Credit Score: 587, Underwriting Decision: Approved, Risk Class: Medium Risk, Reason for Decline: None"
motor_insurance_hk_data_non_pii_114423oct2024.csv,81720393,74283492,2123403673,Pending,Low Risk,,"Driver ID: 81720393, Age: 60, Gender: Other, Driving Experience: 20 years, Occupation: Professional, Vehicle: Mercedes-Benz C-Class, Year: 2022, Value: 273004.43 HKD, Engine Size: 2000cc, Registration City: Hong Kong, Policy ID: 2123403673, Coverage: Third Party, Premium: 19398.66 HKD, Policy Term: 1 year(s), Excess: 1871.52 HKD, Effective Date: 2024-09-04, Expiry Date: 2025-08-16, Renewal Status: Auto-renew, Driving Record: 1 Accident, Claims History: 3, Traffic Violations: 1, Vehicle Usage: Commercial, Credit Score: 315, Underwriting Decision: Pending, Risk Class: Low Risk, Reason for Decline: None"
motor_insurance_hk_data_non_pii_114423oct2024.csv,92324430,83892760,2147702694,Pending,High Risk,,"Driver ID: 92324430, Age: 49, Gender: Male, Driving Experience: 7 years, Occupation: Driver, Vehicle: BMW Corolla, Year: 2022, Value: 559186.81 HKD, Engine Size: 1000cc, Registration City: Hong Kong, Policy ID: 2147702694, Coverage: Comprehensive, Premium: 9183.25 HKD, Policy Term: 1 year(s), Excess: 4533.15 HKD, Effective Date: 2024-10-10, Expiry Date: 2024-10-22, Renewal Status: Auto-renew, Driving Record: Clean, Claims History: 4, Traffic Violations: 3, Vehicle Usage: Private, Credit Score: 840, Underwriting Decision: Pending, Risk Class: High Risk, Reason for Decline: None"
motor_insurance_hk_data_non_pii_114423oct2024.csv,68434836,85763883,7693013643,Declined,Medium Risk,Low credit score,"Driver ID: 68434836, Age: 37, Gender: Male, Driving Experience: 18 years, Occupation: Clerical, Vehicle: Ferrari Civic, Year: 2020, Value: 652875.0 HKD, Engine Size: 1000cc, Registration City: New Territories, Policy ID: 7693013643, Coverage: Third Party, Premium: 15803.59 HKD, Policy Term: 1 year(s), Excess: 4097.93 HKD, Effective Date: 2024-03-09, Expiry Date: 2024-04-08, Renewal Status: Non-renewal, Driving Record: Multiple Accidents, Claims History: 3, Traffic Violations: 0, Vehicle Usage: Commercial, Credit Score: 551, Underwriting Decision: Declined, Risk Class: Medium Risk, Reason for Decline: Low credit score"
motor_insurance_hk_data_non_pii_114423oct2024.csv,70535773,74004968,4967969854,Declined,Low Risk,High vehicle value,"Driver ID: 70535773, Age: 68, Gender: Other, Driving Experience: 24 years, Occupation: Driver, Vehicle: Honda Daytona SP3, Year: 2005, Value: 310938.41 HKD, Engine Size: 3000cc, Registration City: Kowloon, Policy ID: 4967969854, Coverage: Third Party, Premium: 6364.76 HKD, Policy Term: 1 year(s), Excess: 3221.74 HKD, Effective Date: 2024-07-11, Expiry Date: 2024-08-06, Renewal Status: Non-renewal, Driving Record: Multiple Accidents, Claims History: 0, Traffic Violations: 2, Vehicle Usage: Private, Credit Score: 658, Underwriting Decision: Declined, Risk Class: Low Risk, Reason for Decline: High vehicle value"
motor_insurance_hk_data_non_pii_114423oct2024.csv,47928593,74734498,4550880956,Approved,High Risk,,"Driver ID: 47928593, Age: 44, Gender: Male, Driving Experience: 14 years, Occupation: Clerical, Vehicle: Mercedes-Benz Speedtail, Year: 2005, Value: 334889.18 HKD, Engine Size: 1500cc, Registration City: New Territories, Policy ID: 4550880956, Coverage: Third Party, Premium: 12067.38 HKD, Policy Term: 1 year(s), Excess: 1779.49 HKD, Effective Date: 2024-04-30, Expiry Date: 2025-07-24, Renewal Status: Non-renewal, Driving Record: Clean, Claims History: 1, Traffic Violations: 0, Vehicle Usage: Private, Credit Score: 436, Underwriting Decision: Approved, Risk Class: High Risk, Reason for Decline: None"
motor_insurance_hk_data_non_pii_114423oct2024.csv,11892788,32221881,2551525507,Pending,Low Risk,,"Driver ID: 11892788, Age: 20, Gender: Female, Driving Experience: 23 years, Occupation: Teacher, Vehicle: Toyota Daytona SP3, Year: 2007, Value: 341591.38 HKD, Engine Size: 1500cc, Registration City: Hong Kong, Policy ID: 2551525507, Coverage: Third Party, Premium: 7966.39 HKD, Policy Term: 1 year(s), Excess: 4917.94 HKD, Effective Date: 2024-05-08, Expiry Date: 2024-12-25, Renewal Status: Auto-renew, Driving Record: Multiple Accidents, Claims History: 5, Traffic Violations: 3, Vehicle Usage: Private, Credit Score: 706, Underwriting Decision: Pending, Risk Class: Low Risk, Reason for Decline: None"
motor_insurance_hk_data_non_pii_114423oct2024.csv,18784537,66220697,8866327432,Approved,High Risk,,"Driver ID: 18784537, Age: 56, Gender: Female, Driving Experience: 19 years, Occupation: Clerical, Vehicle: Toyota X5, Year: 2015, Value: 373056.77 HKD, Engine Size: 2000cc, Registration City: Hong Kong, Policy ID: 8866327432, Coverage: Third Party, Premium: 13298.31 HKD, Policy Term: 1 year(s), Excess: 2703.18 HKD, Effective Date: 2024-07-04, Expiry Date: 2025-06-21, Renewal Status: Auto-renew, Driving Record: Clean, Claims History: 1, Traffic Violations: 3, Vehicle Usage: Private, Credit Score: 341, Underwriting Decision: Approved, Risk Class: High Risk, Reason for Decline: None"
motor_insurance_hk_data_non_pii_114423oct2024.csv,30088855,53236629,2208152133,Declined,High Risk,Low credit score,"Driver ID: 30088855, Age: 43, Gender: Other, Driving Experience: 14 years, Occupation: Professional, Vehicle: Audi C-Class, Year: 2022, Value: 222916.41 HKD, Engine Size: 2500cc, Registration City: Kowloon, Policy ID: 2208152133, Coverage: Comprehensive, Premium: 14306.53 HKD, Policy Term: 1 year(s), Excess: 1666.07 HKD, Effective Date: 2024-04-16, Expiry Date: 2024-07-29, Renewal Status: Auto-renew, Driving Record: Multiple Accidents, Claims History: 2, Traffic Violations: 2, Vehicle Usage: Commercial, Credit Score: 722, Underwriting Decision: Declined, Risk Class: High Risk, Reason for Decline: Low credit score"
motor_insurance_hk_data_non_pii_114423oct2024.csv,60164768,87107503,9335062784,Approved,Low Risk,,"Driver ID: 60164768, Age: 55, Gender: Other, Driving Experience: 27 years, Occupation: Driver, Vehicle: Mercedes-Benz Mulliner Batur, Year: 2007, Value: 533096.52 HKD, Engine Size: 2000cc, Registration City: New Territories, Policy ID: 9335062784, Coverage: Third Party, Premium: 9664.46 HKD, Policy Term: 1 year(s), Excess: 4768.43 HKD, Effective Date: 2024-07-23, Expiry Date: 2024-07-29, Renewal Status: Non-renewal, Driving Record: 1 Accident, Claims History: 4, Traffic Violations: 1, Vehicle Usage: Commercial, Credit Score: 720, Underwriting Decision: Approved, Risk Class: Low Risk, Reason for Decline: None"
motor_insurance_hk_data_non_pii_114423oct2024.csv,81582530,50435059,2022512269,Approved,Low Risk,,"Driver ID: 81582530, Age: 44, Gender: Male, Driving Experience: 12 years, Occupation: Teacher, Vehicle: Mercedes-Benz Corolla, Year: 2007, Value: 553916.08 HKD, Engine Size: 1500cc, Registration City: Hong Kong, Policy ID: 2022512269, Coverage: Third Party, Premium: 15930.49 HKD, Policy Term: 1 year(s), Excess: 4993.96 HKD, Effective Date: 2024-08-26, Expiry Date: 2025-02-19, Renewal Status: Auto-renew, Driving Record: Clean, Claims History: 1, Traffic Violations: 1, Vehicle Usage: Private, Credit Score: 382, Underwriting Decision: Approved, Risk Class: Low Risk, Reason for Decline: None"
motor_insurance_hk_data_non_pii_114423oct2024.csv,73385037,62643600,5633151869,Approved,High Risk,,"Driver ID: 73385037, Age: 18, Gender: Male, Driving Experience: 26 years, Occupation: Clerical, Vehicle: Bentley Speedtail, Year: 2012, Value: 825031.8 HKD, Engine Size: 3000cc, Registration City: Kowloon, Policy ID: 5633151869, Coverage: Third Party, Premium: 7129.94 HKD, Policy Term: 1 year(s), Excess: 2527.41 HKD, Effective Date: 2024-09-28, Expiry Date: 2024-10-06, Renewal Status: Non-renewal, Driving Record: Multiple Accidents, Claims History: 4, Traffic Violations: 3, Vehicle Usage: Private, Credit Score: 550, Underwriting Decision: Approved, Risk Class: High Risk, Reason for Decline: None"
motor_insurance_hk_data_non_pii_114423oct2024.csv,85704691,91976457,6384184110,Approved,Low Risk,,"Driver ID: 85704691, Age: 52, Gender: Other, Driving Experience: 13 years, Occupation: Teacher, Vehicle: Ferrari C-Class, Year: 2018, Value: 140151.53 HKD, Engine Size: 2500cc, Registration City: New Territories, Policy ID: 6384184110, Coverage: Comprehensive, Premium: 6439.21 HKD, Policy Term: 1 year(s), Excess: 1577.89 HKD, Effective Date: 2024-09-02, Expiry Date: 2025-01-29, Renewal Status: Non-renewal, Driving Record: Clean, Claims History: 2, Traffic Violations: 1, Vehicle Usage: Private, Credit Score: 389, Underwriting Decision: Approved, Risk Class: Low Risk, Reason for Decline: None"
motor_insurance_hk_data_non_pii_114423oct2024.csv,71148000,56939314,9681228301,Approved,Medium Risk,,"Driver ID: 71148000, Age: 39, Gender: Male, Driving Experience: 22 years, Occupation: Professional, Vehicle: Honda A4, Year: 2009, Value: 287791.07 HKD, Engine Size: 2500cc, Registration City: Hong Kong, Policy ID: 9681228301, Coverage: Third Party, Premium: 9022.76 HKD, Policy Term: 1 year(s), Excess: 3774.5 HKD, Effective Date: 2024-07-13, Expiry Date: 2025-05-16, Renewal Status: Non-renewal, Driving Record: 1 Accident, Claims History: 2, Traffic Violations: 3, Vehicle Usage: Commercial, Credit Score: 402, Underwriting Decision: Approved, Risk Class: Medium Risk, Reason for Decline: None"
motor_insurance_hk_data_non_pii_114423oct2024.csv,41362003,73417881,2076075385,Declined,Low Risk,Low credit score,"Driver ID: 41362003, Age: 22, Gender: Male, Driving Experience: 14 years, Occupation: Teacher, Vehicle: Audi Daytona SP3, Year: 2005, Value: 112711.52 HKD, Engine Size: 1500cc, Registration City: New Territories, Policy ID: 2076075385, Coverage: Comprehensive, Premium: 7871.28 HKD, Policy Term: 1 year(s), Excess: 3443.99 HKD, Effective Date: 2024-09-10, Expiry Date: 2024-11-18, Renewal Status: Auto-renew, Driving Record: 1 Accident, Claims History: 3, Traffic Violations: 3, Vehicle Usage: Private, Credit Score: 802, Underwriting Decision: Declined, Risk Class: Low Risk, Reason for Decline: Low credit score"
motor_insurance_hk_data_non_pii_114423oct2024.csv,53116059,88214190,4595000141,Declined,Medium Risk,Poor driving record,"Driver ID: 53116059, Age: 46, Gender: Female, Driving Experience: 13 years, Occupation: Professional, Vehicle: BMW Speedtail, Year: 2009, Value: 700382.93 HKD, Engine Size: 1000cc, Registration City: New Territories, Policy ID: 4595000141, Coverage: Comprehensive, Premium: 6494.8 HKD, Policy Term: 1 year(s), Excess: 2648.33 HKD, Effective Date: 2024-07-20, Expiry Date: 2025-05-09, Renewal Status: Auto-renew, Driving Record: 1 Accident, Claims History: 5, Traffic Violations: 3, Vehicle Usage: Commercial, Credit Score: 813, Underwriting Decision: Declined, Risk Class: Medium Risk, Reason for Decline: Poor driving record"
motor_insurance_hk_data_non_pii_114423oct2024.csv,89860358,92821687,9851895970,Approved,Medium Risk,,"Driver ID: 89860358, Age: 29, Gender: Female, Driving Experience: 22 years, Occupation: Driver, Vehicle: Ferrari C-Class, Year: 2014, Value: 403607.53 HKD, Engine Size: 1500cc, Registration City: New Territories, Policy ID: 9851895970, Coverage: Third Party, Premium: 19772.97 HKD, Policy Term: 1 year(s), Excess: 4285.73 HKD, Effective Date: 2024-07-05, Expiry Date: 2025-03-28, Renewal Status: Non-renewal, Driving Record: 1 Accident, Claims History: 0, Traffic Violations: 0, Vehicle Usage: Commercial, Credit Score: 528, Underwriting Decision: Approved, Risk Class: Medium Risk, Reason for Decline: None"
motor_insurance_hk_data_non_pii_114423oct2024.csv,90993650,42432205,1787172234,Pending,High Risk,,"Driver ID: 90993650, Age: 40, Gender: Female, Driving Experience: 20 years, Occupation: Driver, Vehicle: McLaren X5, Year: 2007, Value: 951880.98 HKD, Engine Size: 1500cc, Registration City: New Territories, Policy ID: 1787172234, Coverage: Comprehensive, Premium: 14867.65 HKD, Policy Term: 1 year(s), Excess: 1865.17 HKD, Effective Date: 2024-03-02, Expiry Date: 2025-03-07, Renewal Status: Auto-renew, Driving Record: 1 Accident, Claims History: 3, Traffic Violations: 0, Vehicle Usage: Commercial, Credit Score: 522, Underwriting Decision: Pending, Risk Class: High Risk, Reason for Decline: None"
motor_insurance_hk_data_non_pii_114423oct2024.csv,10784645,95577986,6635802439,Pending,Medium Risk,,"Driver ID: 10784645, Age: 26, Gender: Male, Driving Experience: 26 years, Occupation: Clerical, Vehicle: Toyota X5, Year: 2015, Value: 440255.14 HKD, Engine Size: 1500cc, Registration City: Hong Kong, Policy ID: 6635802439, Coverage: Comprehensive, Premium: 8937.17 HKD, Policy Term: 1 year(s), Excess: 2036.26 HKD, Effective Date: 2024-06-01, Expiry Date: 2025-09-19, Renewal Status: Non-renewal, Driving Record: Multiple Accidents, Claims History: 2, Traffic Violations: 1, Vehicle Usage: Commercial, Credit Score: 788, Underwriting Decision: Pending, Risk Class: Medium Risk, Reason for Decline: None"
motor_insurance_hk_data_non_pii_114423oct2024.csv,58932240,65402915,1683197106,Declined,Low Risk,Low credit score,"Driver ID: 58932240, Age: 33, Gender: Other, Driving Experience: 22 years, Occupation: Teacher, Vehicle: Toyota C-Class, Year: 2019, Value: 602905.75 HKD, Engine Size: 1000cc, Registration City: Kowloon, Policy ID: 1683197106, Coverage: Third Party, Premium: 15870.16 HKD, Policy Term: 1 year(s), Excess: 2937.12 HKD, Effective Date: 2024-03-24, Expiry Date: 2024-07-05, Renewal Status: Auto-renew, Driving Record: 1 Accident, Claims History: 5, Traffic Violations: 3, Vehicle Usage: Commercial, Credit Score: 546, Underwriting Decision: Declined, Risk Class: Low Risk, Reason for Decline: Low credit score"
motor_insurance_hk_data_non_pii_114423oct2024.csv,81503285,26701321,8938205595,Approved,Low Risk,,"Driver ID: 81503285, Age: 62, Gender: Other, Driving Experience: 13 years, Occupation: Clerical, Vehicle: Honda A4, Year: 2018, Value: 197328.87 HKD, Engine Size: 2000cc, Registration City: Hong Kong, Policy ID: 8938205595, Coverage: Comprehensive, Premium: 17797.93 HKD, Policy Term: 1 year(s), Excess: 4693.4 HKD, Effective Date: 2024-08-06, Expiry Date: 2025-10-10, Renewal Status: Auto-renew, Driving Record: 1 Accident, Claims History: 4, Traffic Violations: 3, Vehicle Usage: Commercial, Credit Score: 635, Underwriting Decision: Approved, Risk Class: Low Risk, Reason for Decline: None"
motor_insurance_hk_data_non_pii_114423oct2024.csv,28840250,55765523,8784144719,Pending,Medium Risk,,"Driver ID: 28840250, Age: 58, Gender: Other, Driving Experience: 4 years, Occupation: Teacher, Vehicle: Audi A4, Year: 2007, Value: 268622.14 HKD, Engine Size: 2000cc, Registration City: Kowloon, Policy ID: 8784144719, Coverage: Comprehensive, Premium: 5240.52 HKD, Policy Term: 1 year(s), Excess: 2628.01 HKD, Effective Date: 2024-09-08, Expiry Date: 2025-06-15, Renewal Status: Non-renewal, Driving Record: 1 Accident, Claims History: 3, Traffic Violations: 1, Vehicle Usage: Private, Credit Score: 604, Underwriting Decision: Pending, Risk Class: Medium Risk, Reason for Decline: None"
motor_insurance_hk_data_non_pii_114423oct2024.csv,10074668,18161980,4839031227,Approved,High Risk,,"Driver ID: 10074668, Age: 22, Gender: Male, Driving Experience: 13 years, Occupation: Driver, Vehicle: BMW Corolla, Year: 2018, Value: 857562.79 HKD, Engine Size: 2000cc, Registration City: New Territories, Policy ID: 4839031227, Coverage: Third Party, Premium: 15790.58 HKD, Policy Term: 1 year(s), Excess: 1906.26 HKD, Effective Date: 2024-02-22, Expiry Date: 2024-03-26, Renewal Status: Auto-renew, Driving Record: Multiple Accidents, Claims History: 0, Traffic Violations: 1, Vehicle Usage: Commercial, Credit Score: 754, Underwriting Decision: Approved, Risk Class: High Risk, Reason for Decline: None"
motor_insurance_hk_data_non_pii_114423oct2024.csv,16828087,24657721,9834040082,Pending,Medium Risk,,"Driver ID: 16828087, Age: 67, Gender: Female, Driving Experience: 24 years, Occupation: Driver, Vehicle: Ferrari Corolla, Year: 2016, Value: 816320.0 HKD, Engine Size: 1500cc, Registration City: Kowloon, Policy ID: 9834040082, Coverage: Comprehensive, Premium: 13245.68 HKD, Policy Term: 1 year(s), Excess: 3522.15 HKD, Effective Date: 2024-01-25, Expiry Date: 2025-03-23, Renewal Status: Auto-renew, Driving Record: Multiple Accidents, Claims History: 3, Traffic Violations: 0, Vehicle Usage: Private, Credit Score: 784, Underwriting Decision: Pending, Risk Class: Medium Risk, Reason for Decline: None"
motor_insurance_hk_data_non_pii_114423oct2024.csv,81708343,51140839,8362044988,Pending,High Risk,,"Driver ID: 81708343, Age: 58, Gender: Other, Driving Experience: 18 years, Occupation: Professional, Vehicle: McLaren C-Class, Year: 2012, Value: 165040.97 HKD, Engine Size: 1500cc, Registration City: Kowloon, Policy ID: 8362044988, Coverage: Comprehensive, Premium: 19863.12 HKD, Policy Term: 1 year(s), Excess: 2209.49 HKD, Effective Date: 2024-06-25, Expiry Date: 2025-10-04, Renewal Status: Non-renewal, Driving Record: Clean, Claims History: 4, Traffic Violations: 3, Vehicle Usage: Commercial, Credit Score: 364, Underwriting Decision: Pending, Risk Class: High Risk, Reason for Decline: None"
motor_insurance_hk_data_non_pii_114423oct2024.csv,14787004,30685770,5340818659,Approved,Low Risk,,"Driver ID: 14787004, Age: 53, Gender: Female, Driving Experience: 32 years, Occupation: Teacher, Vehicle: McLaren A4, Year: 2009, Value: 219458.42 HKD, Engine Size: 2000cc, Registration City: New Territories, Policy ID: 5340818659, Coverage: Comprehensive, Premium: 7783.16 HKD, Policy Term: 1 year(s), Excess: 2073.53 HKD, Effective Date: 2024-04-06, Expiry Date: 2025-07-23, Renewal Status: Non-renewal, Driving Record: 1 Accident, Claims History: 0, Traffic Violations: 2, Vehicle Usage: Private, Credit Score: 563, Underwriting Decision: Approved, Risk Class: Low Risk, Reason for Decline: None"
motor_insurance_hk_data_non_pii_114423oct2024.csv,85058533,31353340,4884851043,Declined,Medium Risk,High vehicle value,"Driver ID: 85058533, Age: 23, Gender: Male, Driving Experience: 29 years, Occupation: Clerical, Vehicle: McLaren Corolla, Year: 2010, Value: 746721.93 HKD, Engine Size: 1500cc, Registration City: New Territories, Policy ID: 4884851043, Coverage: Third Party, Premium: 5209.12 HKD, Policy Term: 1 year(s), Excess: 2125.88 HKD, Effective Date: 2024-02-04, Expiry Date: 2024-05-31, Renewal Status: Auto-renew, Driving Record: 1 Accident, Claims History: 1, Traffic Violations: 1, Vehicle Usage: Private, Credit Score: 589, Underwriting Decision: Declined, Risk Class: Medium Risk, Reason for Decline: High vehicle value"
motor_insurance_hk_data_non_pii_114423oct2024.csv,23914525,97555275,5878673416,Declined,High Risk,Multiple accidents,"Driver ID: 23914525, Age: 30, Gender: Female, Driving Experience: 26 years, Occupation: Clerical, Vehicle: Ferrari X5, Year: 2006, Value: 144253.79 HKD, Engine Size: 2500cc, Registration City: Kowloon, Policy ID: 5878673416, Coverage: Third Party, Premium: 7131.1 HKD, Policy Term: 1 year(s), Excess: 3977.1 HKD, Effective Date: 2024-08-05, Expiry Date: 2024-09-26, Renewal Status: Non-renewal, Driving Record: Clean, Claims History: 2, Traffic Violations: 1, Vehicle Usage: Private, Credit Score: 659, Underwriting Decision: Declined, Risk Class: High Risk, Reason for Decline: Multiple accidents"
motor_insurance_hk_data_non_pii_114423oct2024.csv,18445209,59573370,8688936418,Approved,High Risk,,"Driver ID: 18445209, Age: 29, Gender: Male, Driving Experience: 30 years, Occupation: Driver, Vehicle: Toyota C-Class, Year: 2019, Value: 415587.23 HKD, Engine Size: 1000cc, Registration City: Hong Kong, Policy ID: 8688936418, Coverage: Comprehensive, Premium: 16356.45 HKD, Policy Term: 1 year(s), Excess: 4978.21 HKD, Effective Date: 2024-10-18, Expiry Date: 2025-09-14, Renewal Status: Non-renewal, Driving Record: Multiple Accidents, Claims History: 2, Traffic Violations: 0, Vehicle Usage: Private, Credit Score: 449, Underwriting Decision: Approved, Risk Class: High Risk, Reason for Decline: None"
motor_insurance_hk_data_non_pii_114423oct2024.csv,44997213,96175024,4234945701,Declined,Low Risk,Multiple accidents,"Driver ID: 44997213, Age: 35, Gender: Other, Driving Experience: 7 years, Occupation: Teacher, Vehicle: Audi Civic, Year: 2018, Value: 608499.94 HKD, Engine Size: 3000cc, Registration City: Kowloon, Policy ID: 4234945701, Coverage: Comprehensive, Premium: 15129.89 HKD, Policy Term: 1 year(s), Excess: 3211.85 HKD, Effective Date: 2024-05-21, Expiry Date: 2024-10-25, Renewal Status: Auto-renew, Driving Record: Clean, Claims History: 1, Traffic Violations: 3, Vehicle Usage: Private, Credit Score: 373, Underwriting Decision: Declined, Risk Class: Low Risk, Reason for Decline: Multiple accidents"
motor_insurance_hk_data_non_pii_114423oct2024.csv,96061595,61344015,8906660164,Approved,High Risk,,"Driver ID: 96061595, Age: 67, Gender: Male, Driving Experience: 4 years, Occupation: Driver, Vehicle: Honda Corolla, Year: 2014, Value: 296979.44 HKD, Engine Size: 1000cc, Registration City: Hong Kong, Policy ID: 8906660164, Coverage: Comprehensive, Premium: 14040.85 HKD, Policy Term: 1 year(s), Excess: 2036.4 HKD, Effective Date: 2024-08-17, Expiry Date: 2025-09-20, Renewal Status: Non-renewal, Driving Record: Clean, Claims History: 4, Traffic Violations: 2, Vehicle Usage: Private, Credit Score: 771, Underwriting Decision: Approved, Risk Class: High Risk, Reason for Decline: None"
motor_insurance_hk_data_non_pii_114423oct2024.csv,97758968,95607479,7401051789,Declined,Low Risk,Poor driving record,"Driver ID: 97758968, Age: 26, Gender: Female, Driving Experience: 28 years, Occupation: Clerical, Vehicle: Mercedes-Benz Civic, Year: 2011, Value: 787624.2 HKD, Engine Size: 1500cc, Registration City: Kowloon, Policy ID: 7401051789, Coverage: Comprehensive, Premium: 12759.1 HKD, Policy Term: 1 year(s), Excess: 3216.44 HKD, Effective Date: 2024-03-11, Expiry Date: 2024-12-22, Renewal Status: Auto-renew, Driving Record: 1 Accident, Claims History: 2, Traffic Violations: 3, Vehicle Usage: Commercial, Credit Score: 587, Underwriting Decision: Declined, Risk Class: Low Risk, Reason for Decline: Poor driving record"
motor_insurance_hk_data_non_pii_114423oct2024.csv,96798844,56400341,1613040993,Approved,Medium Risk,,"Driver ID: 96798844, Age: 47, Gender: Male, Driving Experience: 7 years, Occupation: Driver, Vehicle: Audi Speedtail, Year: 2014, Value: 803213.83 HKD, Engine Size: 3000cc, Registration City: Kowloon, Policy ID: 1613040993, Coverage: Third Party, Premium: 11941.73 HKD, Policy Term: 1 year(s), Excess: 3727.82 HKD, Effective Date: 2024-05-03, Expiry Date: 2025-09-20, Renewal Status: Auto-renew, Driving Record: Clean, Claims History: 3, Traffic Violations: 3, Vehicle Usage: Commercial, Credit Score: 500, Underwriting Decision: Approved, Risk Class: Medium Risk, Reason for Decline: None"
